,Unnamed: 0,Unnamed: 0.1,Roll,Name
0,0,0,0401CS01,Marsiella Gourlay
1,1,1,0401CS02,Opaline Cristofol
2,2,2,0401CS03,Tonya Merrigan
3,3,3,0401CS04,Jillian Andren
4,4,4,0401CS05,Isiahi Sleith
5,5,5,0401CS06,Wake Culpin
6,6,6,0401CS07,Audrye Puckett
7,7,7,0401CS08,Major Thorald
8,8,8,0401CS09,Chery Stephens
9,9,9,0401CS10,Dan Knights
10,10,10,0401CS11,Boycie Gillow
11,11,11,0401CS12,Farrah Lowe
12,12,12,0401CS13,Taite Hussy
13,13,13,0401CS14,Wallis Gohier
14,14,14,0401CS15,Janaye Jordi
15,15,15,0401CS16,Beau Sennett
16,16,16,0401CS17,Marcille Leyman
17,17,17,0401CS18,Gelya Lowther
18,18,18,0401CS19,Hakeem Maggiori
19,19,19,0401CS20,Corny Sheward
20,20,20,0401CS21,Alli Drohane
21,21,21,0401CS22,Orrin Spehr
22,22,22,0401CS23,Clementina Yellowlee
23,23,23,0401CS24,Parke Westraw
24,24,24,0401CS25,Sophia Delhanty
25,25,25,0401CS26,Randy Bilbie
26,26,26,0401CS27,Trude O'Kelly
27,27,27,0401CS28,Renie Mathie
28,28,28,0401CS29,Rennie Troucher
29,29,29,0401CS30,Gustavus Aubert
30,30,30,0401CS31,Sheeree Begin
31,31,31,0401CS32,Birgit Rillett
32,32,32,0401CS33,Arni Kenningham
33,33,33,0401CS34,Christoper Danilowicz
34,34,34,0401CS35,Sheffy Angerstein
35,35,35,0401CS36,Lyndsie Rosenblath
36,36,36,0401CS37,Christye Garry
37,37,37,0401CS38,Kyle Van Halle
38,38,38,0401CS39,Mordy Woodcroft
39,39,39,0401CS40,Tanya Fishlock
40,40,40,0401EE01,Ebenezer Foley
41,41,41,0401EE02,Vanessa Barkworth
42,42,42,0401EE04,Toni Burless
43,43,43,0401EE06,Thaddus Snookes
44,44,44,0401EE08,Dasi Glavis
45,45,45,0401EE10,Marita Pepon
46,46,46,0401EE11,Arlena Murrow
47,47,47,0401EE12,Gustavus Bowler
48,48,48,0401EE13,Eamon Grange
49,49,49,0401EE14,Mart Probets
50,50,50,0401EE15,Oby Pagnin
51,51,51,0401EE16,Spenser Rubee
52,52,52,0401EE17,Bertie Gillbard
53,53,53,0401EE18,Louisette Boggers
54,54,54,0401EE19,Selena McDell
55,55,55,0401EE20,Angil Heartfield
56,56,56,0401EE21,Robenia Garrity
57,57,57,0401EE22,Sheffy Rowswell
58,58,58,0401EE23,Brina Caddock
59,59,59,0401EE24,Jackquelin Luke
60,60,60,0401EE25,Selina Casini
61,61,61,0401EE26,Gwynne Fargher
62,62,62,0401EE29,Tracee Derl
63,63,63,0401EE30,Duffie Cockin
64,64,64,0401EE33,Verge Ondrasek
65,65,65,0401EE34,Naoma Winfrey
66,66,66,0401EE35,Rodd Tower
67,67,67,0401ME04,Arch Napoleone
68,68,68,0401ME05,Zacharie Bonhome
69,69,69,0401ME06,Prentiss Kilgrove
70,70,70,0401ME08,Essa Prangley
71,71,71,0401ME09,Alexandre Riseley
72,72,72,0401ME10,Oliviero Shury
73,73,73,0401ME11,Tanney Polak
74,74,74,0401ME12,Marjory Anyon
75,75,75,0401ME13,Jewelle Larchiere
76,76,76,0401ME14,Mendy Rushman
77,77,77,0401ME16,Sisile Rey
78,78,78,0401ME17,Kimble Edess
79,79,79,0401ME18,Lyell Boutwell
80,80,80,0401ME19,Hakeem Marcq
81,81,81,0401ME20,Collin Peare
82,82,82,0401ME21,Freddy Aukland
83,83,83,0401ME22,Fabiano Lennon
84,84,84,0401ME23,Juline Krout
85,85,85,0401ME27,Tomasina Macari
86,86,86,0401ME28,Gregory Rantoul
87,87,87,0401ME29,Ibrahim Bernardi
88,88,88,0401ME30,Nanine Layborn
89,89,89,0401ME32,Tilly Hoxey
90,90,90,0401ME33,Pebrook Hannaway
91,91,91,0401ME34,Orv Burrows
92,92,92,0501CS01,Nanine Bartlomiej
93,93,93,0501CS02,Lorette Crepel
94,94,94,0501CS03,Sal Ianni
95,95,95,0501CS04,Alida Epsley
96,96,96,0501CS05,Audrie Clyde
97,97,97,0501CS06,Kristien Gurys
98,98,98,0501CS07,Rosemonde Baugh
99,99,99,0501CS08,Ernie Boughton
100,100,100,0501CS09,Maisey Mirfield
101,101,101,0501CS10,Ulrica Esposito
102,102,102,0501CS11,Ceciley Fossord
103,103,103,0501CS12,Clementius Punt
104,104,104,0501CS13,Mikel Hupka
105,105,105,0501CS14,Alvy Chartres
106,106,106,0501CS15,Gamaliel Hentzeler
107,107,107,0501CS16,Shandeigh Mugglestone
108,108,108,0501CS17,Cullen Howsden
109,109,109,0501CS18,Valene Rakestraw
110,110,110,0501CS19,Jeno Pickance
111,111,111,0501CS20,Guillema Starrs
112,112,112,0501CS21,Carolee Burles
113,113,113,0501CS22,Rickie Turford
114,114,114,0501CS23,Letisha Maasz
115,115,115,0501CS24,Iggie Bouzek
116,116,116,0501CS25,Gannie Gallop
117,117,117,0501CS26,Ekaterina Cockhill
118,118,118,0501CS27,Doyle Gerber
119,119,119,0501CS28,Aliza Leveritt
120,120,120,0501CS29,Sibella Nevill
121,121,121,0501CS30,Ignacio Charters
122,122,122,0501CS31,Cecil Russell
123,123,123,0501CS32,Adelheid Warnes
124,124,124,0501CS33,Guillemette Rany
125,125,125,0501CS34,Moll Owbrick
126,126,126,0501CS35,Zebulon Writer
127,127,127,0501CS36,Myles Kuhlen
128,128,128,0501CS37,Sherlocke Hearfield
129,129,129,0501EE01,Aristotle Neubigin
130,130,130,0501EE02,Woodie Keedy
131,131,131,0501EE03,Lesli Fearnyough
132,132,132,0501EE04,Michele Ashlee
133,133,133,0501EE05,Corbin Trimble
134,134,134,0501EE06,Pietrek Pykett
135,135,135,0501EE07,Ad Twinbourne
136,136,136,0501EE08,Aguie Lombard
137,137,137,0501EE09,Starla Haversham
138,138,138,0501EE10,Drucill Bollin
139,139,139,0501EE11,Sarah Skeggs
140,140,140,0501EE12,Bernie Faraday
141,141,141,0501EE13,Ashly Keigher
142,142,142,0501EE14,Salaidh Scallon
143,143,143,0501EE15,Grange Romera
144,144,144,0501EE16,Hillyer Fruchon
145,145,145,0501EE17,Cordie Torpie
146,146,146,0501EE18,Liuka Galbraeth
147,147,147,0501EE19,Leia Mycroft
148,148,148,0501EE20,Gonzalo Bilsborrow
149,149,149,0501EE21,Alida Bassil
150,150,150,0501EE22,Tommy Lawles
151,151,151,0501EE23,Corry Bernocchi
152,152,152,0501EE24,Rogers Rubica
153,153,153,0501EE25,Amitie Plaschke
154,154,154,0501EE26,Corie Teodorski
155,155,155,0501EE28,Fionna McEllen
156,156,156,0501EE29,Rora Boog
157,157,157,0501EE30,Morganica Stanning
158,158,158,0501EE31,Ferrell Theuff
159,159,159,0501EE32,Dita Pohling
160,160,160,0501EE33,Cyb Knapton
161,161,161,0501EE34,Godfry Tirrell
162,162,162,0501EE35,Berky Kimble
163,163,163,0501EE36,Martha Sharples
164,164,164,0501ME01,Courtnay Stidson
165,165,165,0501ME02,Sharron Liquorish
166,166,166,0501ME03,Fanny Baly
167,167,167,0501ME04,Zechariah Farlam
168,168,168,0501ME05,Hynda Dodell
169,169,169,0501ME06,Cammy Jaan
170,170,170,0501ME07,Mikael Lound
171,171,171,0501ME09,Rowen Ogg
172,172,172,0501ME10,Sylvester Meakin
173,173,173,0501ME11,Sandye Kornel
174,174,174,0501ME12,Butch Jahns
175,175,175,0501ME13,Aleksandr Airth
176,176,176,0501ME14,Violette Blenkinship
177,177,177,0501ME15,Anastassia Savell
178,178,178,0501ME16,Lefty Fraschetti
179,179,179,0501ME17,Ailee Grief
180,180,180,0501ME18,Mireielle Davidsen
181,181,181,0501ME19,Jarrett Hambling
182,182,182,0501ME20,Colby Playfair
183,183,183,0501ME21,Katti Coulson
184,184,184,0501ME22,Quillan Alner
